﻿{"cameraMode":{"drawMode":0,"name":"Shaded","section":"Shading Mode"},"sceneLighting":true,"audioPlay":false,"sceneViewState":{"showFog":true,"showMaterialUpdate":false,"showSkybox":true,"showFlares":true,"showImageEffects":true,"showParticleSystems":true},"in2DMode":false,"pivot":{"x":5.144502639770508,"y":2.2366323471069338,"z":-13.471199035644532},"rotation":{"x":0.08251295238733292,"y":-0.29156193137168887,"z":0.02525336667895317,"w":0.9526531100273132},"size":0.45883071422576907,"orthographic":false}